time;download
2019-09-20 15:00:00;436.62695
2019-09-20 21:00:00;645.4107
2019-09-21 03:00:00;749.9309666666667
2019-09-21 09:00:00;653.6802499999999
2019-09-21 15:00:00;624.7457166666667
2019-09-21 21:00:00;625.5358500000001
2019-09-22 03:00:00;710.1711166666668
2019-09-22 09:00:00;664.56625
2019-09-22 15:00:00;625.8227666666667
2019-09-22 21:00:00;634.1047333333333
2019-09-23 03:00:00;557.0377666666667
2019-09-23 09:00:00;183.25431666666665
2019-09-23 15:00:00;383.69014999999996
2019-09-23 21:00:00;470.0874999999999
2019-09-24 03:00:00;386.0346666666666
2019-09-24 09:00:00;118.71791666666667
2019-09-24 15:00:00;349.5020833333333
2019-09-24 21:00:00;617.34445
2019-09-25 03:00:00;544.4090166666666
2019-09-25 09:00:00;189.81055
2019-09-25 15:00:00;440.71236666666664
2019-09-25 21:00:00;663.0573499999999
2019-09-26 03:00:00;552.5626333333333
2019-09-26 09:00:00;197.7572
2019-09-26 15:00:00;423.1961166666667
2019-09-26 21:00:00;649.2946000000001
2019-09-27 03:00:00;543.5529166666666
2019-09-27 09:00:00;189.34028333333333
2019-09-27 15:00:00;406.0065
2019-09-27 21:00:00;667.0459666666667
2019-09-28 03:00:00;725.5572166666667
2019-09-28 09:00:00;640.6719333333334
2019-09-28 15:00:00;612.625
2019-09-28 21:00:00;635.9811166666667
2019-09-29 03:00:00;709.8469333333334
2019-09-29 09:00:00;667.6887499999999
2019-09-29 15:00:00;620.5425
2019-09-29 21:00:00;649.1613833333334
2019-09-30 03:00:00;508.5393000000001
2019-09-30 09:00:00;77.23110000000001
2019-09-30 15:00:00;438.21068333333324
2019-09-30 21:00:00;524.2132
2019-10-01 03:00:00;461.99083333333346
2019-10-01 09:00:00;100.5797
2019-10-01 15:00:00;370.6036
2019-10-01 21:00:00;651.6590166666666
2019-10-02 03:00:00;538.4186166666667
2019-10-02 09:00:00;185.04665
2019-10-02 15:00:00;426.62609999999995
2019-10-02 21:00:00;630.7598666666667
2019-10-03 03:00:00;543.30265
2019-10-03 09:00:00;201.76064999999997
2019-10-03 15:00:00;411.4870833333334
2019-10-03 21:00:00;623.4573666666666
2019-10-04 03:00:00;523.8822
2019-10-04 09:00:00;193.87151666666668
2019-10-04 15:00:00;436.3186166666666
2019-10-04 21:00:00;612.8991666666666
2019-10-05 03:00:00;702.4825
2019-10-05 09:00:00;646.1684666666667
2019-10-05 15:00:00;646.06445
2019-10-05 21:00:00;680.5583333333333
2019-10-06 03:00:00;740.3804333333334
2019-10-06 09:00:00;708.3630666666668
2019-10-06 15:00:00;671.1687333333333
2019-10-06 21:00:00;673.7238666666667
2019-10-07 03:00:00;584.7794499999999
2019-10-07 09:00:00;156.99958333333333
2019-10-07 15:00:00;361.3925166666666
2019-10-07 21:00:00;530.5570833333333
2019-10-08 03:00:00;430.65445000000005
2019-10-08 09:00:00;42.54528333333334
2019-10-08 15:00:00;314.2898666666667
2019-10-08 21:00:00;570.8015166666667
2019-10-09 03:00:00;458.85636666666664
2019-10-09 09:00:00;158.81138333333334
2019-10-09 15:00:00;405.80555000000004
2019-10-09 21:00:00;608.7399666666666
2019-10-10 03:00:00;545.1046
2019-10-10 09:00:00;144.215
2019-10-10 15:00:00;392.38875
2019-10-10 21:00:00;585.35375
2019-10-11 03:00:00;527.7686
2019-10-11 09:00:00;168.78221666666667
2019-10-11 15:00:00;427.0502833333333
2019-10-11 21:00:00;652.67485
2019-10-12 03:00:00;703.2234666666667
2019-10-12 09:00:00;640.4853
2019-10-12 15:00:00;612.12155
2019-10-12 21:00:00;647.9373666666667
2019-10-13 03:00:00;712.1774999999999
2019-10-13 09:00:00;706.5316833333333
2019-10-13 15:00:00;674.99625
2019-10-13 21:00:00;682.9016499999999
2019-10-14 03:00:00;556.61305
2019-10-14 09:00:00;148.07236666666665
2019-10-14 15:00:00;394.93125000000003
2019-10-14 21:00:00;588.1307166666667
2019-10-15 03:00:00;492.03405
2019-10-15 09:00:00;111.20181666666667
2019-10-15 15:00:00;358.1445833333334
2019-10-15 21:00:00;587.4356833333334
2019-10-16 03:00:00;489.8821000000001
2019-10-16 09:00:00;141.3314
2019-10-16 15:00:00;399.3983166666667
2019-10-16 21:00:00;632.0769666666666
2019-10-17 03:00:00;542.8439999999999
2019-10-17 09:00:00;118.96301666666666
2019-10-17 15:00:00;355.67515000000003
2019-10-17 21:00:00;642.1448666666666
2019-10-18 03:00:00;487.4436166666667
2019-10-18 09:00:00;142.12041666666667
2019-10-18 15:00:00;400.3684666666666
2019-10-18 21:00:00;562.6388833333333
2019-10-19 03:00:00;633.8108166666667
2019-10-19 09:00:00;596.73735
2019-10-19 15:00:00;571.8072
2019-10-19 21:00:00;575.27805
2019-10-20 03:00:00;625.6690333333333
2019-10-20 09:00:00;595.3738833333333
2019-10-20 15:00:00;616.7348499999999
2019-10-20 21:00:00;614.6616499999999
2019-10-21 03:00:00;513.6216666666666
2019-10-21 09:00:00;137.37596666666667
2019-10-21 15:00:00;351.3959
2019-10-21 21:00:00;518.5625000000001
2019-10-22 03:00:00;389.63944999999995
2019-10-22 09:00:00;56.27955
2019-10-22 15:00:00;327.16776666666664
2019-10-22 21:00:00;534.2346000000001
2019-10-23 03:00:00;510.96984999999995
2019-10-23 09:00:00;160.83221666666668
2019-10-23 15:00:00;366.39335
2019-10-23 21:00:00;556.95555
2019-10-24 03:00:00;493.30946666666665
2019-10-24 09:00:00;206.66169999999997
2019-10-24 15:00:00;418.10486666666674
2019-10-24 21:00:00;615.2239166666667
2019-10-25 03:00:00;529.55535
2019-10-25 09:00:00;192.9469333333333
2019-10-25 15:00:00;406.05946666666665
2019-10-25 21:00:00;596.7075833333333
2019-10-26 03:00:00;634.3118499999999
2019-10-26 09:00:00;608.14265
2019-10-26 15:00:00;577.0827999999999
2019-10-26 21:00:00;616.4617999999999
2019-10-27 03:00:00;716.0993166666666
2019-10-27 09:00:00;677.8444333333333
2019-10-27 15:00:00;605.9955666666666
2019-10-27 21:00:00;643.1765333333334
2019-10-28 03:00:00;695.4934833333333
2019-10-28 09:00:00;555.5288999999999
2019-10-28 15:00:00;576.3318
2019-10-28 21:00:00;570.2982000000001
2019-10-29 03:00:00;437.3187666666666
2019-10-29 09:00:00;76.00103333333334
2019-10-29 15:00:00;348.2595833333333
2019-10-29 21:00:00;594.3688833333333
2019-10-30 03:00:00;515.3840333333334
2019-10-30 09:00:00;207.9174833333333
2019-10-30 15:00:00;422.1247333333333
2019-10-30 21:00:00;620.9032000000001
2019-10-31 03:00:00;535.33665
2019-10-31 09:00:00;214.9206833333333
2019-10-31 15:00:00;394.51305
2019-10-31 21:00:00;589.9823499999999
2019-11-01 03:00:00;511.89501666666666
2019-11-01 09:00:00;211.03236666666666
2019-11-01 15:00:00;401.4020833333334
2019-11-01 21:00:00;524.0411166666667
2019-11-02 03:00:00;651.1426333333334
2019-11-02 09:00:00;630.7345666666666
2019-11-02 15:00:00;626.7770833333334
2019-11-02 21:00:00;625.4197166666667
2019-11-03 03:00:00;691.3826333333335
2019-11-03 09:00:00;662.7198333333333
2019-11-03 15:00:00;595.7542833333333
2019-11-03 21:00:00;596.9306833333334
2019-11-04 03:00:00;521.4337666666667
2019-11-04 09:00:00;199.16736666666668
2019-11-04 15:00:00;358.7598666666667
2019-11-04 21:00:00;489.64373333333333
2019-11-05 03:00:00;390.9020666666666
2019-11-05 09:00:00;103.73473333333334
2019-11-05 15:00:00;353.45445
2019-11-05 21:00:00;592.7058333333333
2019-11-06 03:00:00;517.4627666666667
2019-11-06 09:00:00;256.1617833333333
2019-11-06 15:00:00;469.80835
2019-11-06 21:00:00;649.0504333333334
2019-11-07 03:00:00;585.4526166666666
2019-11-07 09:00:00;182.34126666666666
2019-11-07 15:00:00;398.6839
2019-11-07 21:00:00;607.5812333333333
2019-11-08 03:00:00;546.13125
2019-11-08 09:00:00;198.8282
2019-11-08 15:00:00;421.68553333333335
2019-11-08 21:00:00;588.4197333333333
2019-11-09 03:00:00;652.2202833333333
2019-11-09 09:00:00;563.2231833333334
2019-11-09 15:00:00;595.76945
2019-11-09 21:00:00;606.8408333333333
2019-11-10 03:00:00;719.0602666666665
2019-11-10 09:00:00;657.3272166666666
2019-11-10 15:00:00;551.6824833333334
2019-11-10 21:00:00;597.3968166666667
2019-11-11 03:00:00;520.9127833333333
2019-11-11 09:00:00;191.35638333333335
2019-11-11 15:00:00;357.6991666666667
2019-11-11 21:00:00;484.30485
2019-11-12 03:00:00;404.25195
2019-11-12 09:00:00;122.93791666666668
2019-11-12 15:00:00;355.29376666666667
2019-11-12 21:00:00;578.3289
2019-11-13 03:00:00;492.4800166666667
2019-11-13 09:00:00;169.5338833333333
2019-11-13 15:00:00;394.15889999999996
2019-11-13 21:00:00;556.3627666666667
2019-11-14 03:00:00;497.4351333333334
2019-11-14 09:00:00;194.42585
2019-11-14 15:00:00;358.27568333333335
2019-11-14 21:00:00;571.1448666666666
2019-11-15 03:00:00;612.9127833333333
2019-11-15 09:00:00;578.7490333333334
2019-11-15 15:00:00;587.2279166666666
2019-11-15 21:00:00;553.7936
2019-11-16 03:00:00;604.9227833333333
2019-11-16 09:00:00;576.4747166666667
2019-11-16 15:00:00;573.2277833333334
2019-11-16 21:00:00;563.9727833333333
2019-11-17 03:00:00;670.9080666666666
2019-11-17 09:00:00;613.9633333333333
2019-11-17 15:00:00;570.5661166666667
2019-11-17 21:00:00;539.8280333333333
2019-11-18 03:00:00;454.5811166666667
2019-11-18 09:00:00;132.88221666666666
2019-11-18 15:00:00;371.2577333333333
2019-11-18 21:00:00;503.23655
2019-11-19 03:00:00;434.93805000000003
2019-11-19 09:00:00;144.97045000000003
2019-11-19 15:00:00;350.64625
2019-11-19 21:00:00;512.5904166666667
2019-11-20 03:00:00;595.13765
2019-11-20 09:00:00;556.3718
2019-11-20 15:00:00;524.3970666666667
2019-11-20 21:00:00;539.2623666666667
2019-11-21 03:00:00;470.3296666666667
2019-11-21 09:00:00;236.7314
2019-11-21 15:00:00;442.68043333333327
2019-11-21 21:00:00;631.0901333333333
2019-11-22 03:00:00;569.9176333333334
2019-11-22 09:00:00;321.46278333333333
2019-11-22 15:00:00;440.74749999999995
2019-11-22 21:00:00;540.08875
2019-11-23 03:00:00;606.8909666666666
2019-11-23 09:00:00;390.5986166666666
2019-11-23 15:00:00;441.69748333333337
2019-11-23 21:00:00;579.1029166666667
2019-11-24 03:00:00;682.9329333333334
2019-11-24 09:00:00;641.3793166666666
2019-11-24 15:00:00;553.0034666666667
2019-11-24 21:00:00;420.1112500000001
2019-11-25 03:00:00;445.17124999999993
2019-11-25 09:00:00;276.6834833333333
2019-11-25 15:00:00;411.28665
2019-11-25 21:00:00;513.8206833333332
2019-11-26 03:00:00;323.47515
2019-11-26 09:00:00;282.45723333333336
2019-11-26 15:00:00;461.6177833333333
2019-11-26 21:00:00;626.1326833333334
2019-11-27 03:00:00;558.5445833333332
2019-11-27 09:00:00;336.0887333333333
2019-11-27 15:00:00;470.7993166666667
2019-11-27 21:00:00;587.8534666666666
2019-11-28 03:00:00;546.9960333333333
2019-11-28 09:00:00;261.7189
2019-11-28 15:00:00;445.1245666666667
2019-11-28 21:00:00;590.7683166666666
2019-11-29 03:00:00;543.7461166666667
2019-11-29 09:00:00;161.4733
2019-11-29 15:00:00;111.63086666666668
2019-11-29 21:00:00;142.0490333333333
2019-11-30 03:00:00;60.923750000000005
2019-11-30 09:00:00;255.01638333333335
2019-11-30 15:00:00;449.9179166666667
2019-11-30 21:00:00;418.5916666666667
2019-12-01 03:00:00;497.03195000000005
2019-12-01 09:00:00;342.9691666666667
2019-12-01 15:00:00;411.13151666666664
2019-12-01 21:00:00;107.94125000000001
2019-12-02 03:00:00;127.20833333333331
2019-12-02 09:00:00;205.27166666666668
2019-12-02 15:00:00;380.8600166666667
2019-12-02 21:00:00;352.01056666666665
2019-12-03 03:00:00;215.66723333333334
2019-12-03 09:00:00;191.32056666666668
2019-12-03 15:00:00;177.79583333333335
2019-12-03 21:00:00;234.83903333333333
2019-12-04 03:00:00;175.54291666666666
2019-12-04 09:00:00;27.96878333333333
2019-12-04 15:00:00;49.056533333333334
2019-12-04 21:00:00;43.165699999999994
2019-12-05 03:00:00;54.2875
2019-12-05 09:00:00;44.70249999999999
2019-12-05 15:00:00;27.600883333333332
2019-12-05 21:00:00;47.225883333333336
2019-12-06 03:00:00;47.09513333333333
2019-12-06 09:00:00;63.38921666666666
2019-12-06 15:00:00;85.20486666666666
2019-12-06 21:00:00;50.33958333333333
2019-12-07 03:00:00;5.785150000000001
2019-12-07 09:00:00;35.50416666666667
2019-12-07 15:00:00;31.027350000000002
2019-12-07 21:00:00;72.29181666666666
2019-12-08 03:00:00;33.79443333333334
2019-12-08 09:00:00;67.08681666666666
2019-12-08 15:00:00;44.277633333333334
2019-12-08 21:00:00;66.95113333333335
2019-12-09 03:00:00;14.37485
2019-12-09 09:00:00;28.43153333333333
2019-12-09 15:00:00;4.924066666666667
2019-12-09 21:00:00;46.24666666666667
2019-12-10 03:00:00;52.13166666666667
2019-12-10 09:00:00;179.4327166666667
2019-12-10 15:00:00;363.00430000000006
2019-12-10 21:00:00;635.3479333333333
2019-12-11 03:00:00;489.9729166666666
2019-12-11 09:00:00;142.05831666666666
2019-12-11 15:00:00;394.23749999999995
2019-12-11 21:00:00;605.0606999999999
2019-12-12 03:00:00;519.61735
2019-12-12 09:00:00;190.43916666666667
2019-12-12 15:00:00;462.9443166666667
2019-12-12 21:00:00;608.2421
2019-12-13 03:00:00;519.7902833333334
2019-12-13 09:00:00;198.36848333333333
2019-12-13 15:00:00;437.7477833333334
2019-12-13 21:00:00;625.8311
2019-12-14 03:00:00;693.6859833333333
2019-12-14 09:00:00;637.60235
2019-12-14 15:00:00;640.2011166666667
2019-12-14 21:00:00;633.3269333333334
2019-12-15 03:00:00;682.85835
2019-12-15 09:00:00;647.9513833333334
2019-12-15 15:00:00;617.4459666666668
2019-12-15 21:00:00;626.9034833333334
2019-12-16 03:00:00;527.6586000000001
2019-12-16 09:00:00;167.46485
2019-12-16 15:00:00;356.9077666666667
2019-12-16 21:00:00;624.64945
2019-12-17 03:00:00;517.0477666666667
2019-12-17 09:00:00;170.31166666666667
2019-12-17 15:00:00;301.9145833333334
2019-12-17 21:00:00;595.3675
2019-12-18 03:00:00;531.3177833333333
2019-12-18 09:00:00;112.00681666666667
2019-12-18 15:00:00;335.61123333333336
2019-12-18 21:00:00;623.4588833333333
2019-12-19 03:00:00;530.92915
2019-12-19 09:00:00;203.87985
2019-12-19 15:00:00;408.31680000000006
2019-12-19 21:00:00;640.6331833333334
2019-12-20 03:00:00;518.9761
2019-12-20 09:00:00;239.21584999999996
2019-12-20 15:00:00;455.4804166666667
2019-12-20 21:00:00;656.6465166666667
2019-12-21 03:00:00;684.3673666666665
2019-12-21 09:00:00;644.4259666666667
2019-12-21 15:00:00;628.0336
2019-12-21 21:00:00;637.8137333333333
2019-12-22 03:00:00;688.9683333333332
2019-12-22 09:00:00;656.1783166666667
2019-12-22 15:00:00;646.91375
2019-12-22 21:00:00;624.64805
2019-12-23 03:00:00;553.9136166666668
2019-12-23 09:00:00;299.9332
2019-12-23 15:00:00;461.65763333333325
2019-12-23 21:00:00;640.3276333333333
2019-12-24 03:00:00;601.8122333333333
2019-12-24 09:00:00;456.56374999999997
2019-12-24 15:00:00;642.28055
2019-12-24 21:00:00;677.6699833333333
2019-12-25 03:00:00;666.2561
2019-12-25 09:00:00;639.1307166666667
2019-12-25 15:00:00;663.53265
2019-12-25 21:00:00;668.0566666666667
2019-12-26 03:00:00;546.7222333333334
2019-12-26 09:00:00;250.89748333333333
2019-12-26 15:00:00;488.1501333333333
2019-12-26 21:00:00;670.1973666666667
2019-12-27 03:00:00;587.5669333333333
2019-12-27 09:00:00;304.79195
2019-12-27 15:00:00;525.6093166666666
2019-12-27 21:00:00;653.6808333333333
2019-12-28 03:00:00;698.2806833333334
2019-12-28 09:00:00;669.86555
2019-12-28 15:00:00;648.46305
2019-12-28 21:00:00;643.4530500000001
2019-12-29 03:00:00;706.2923666666667
2019-12-29 09:00:00;640.2598666666667
2019-12-29 15:00:00;646.6782166666667
2019-12-29 21:00:00;659.5837666666666
2019-12-30 03:00:00;596.1634666666667
2019-12-30 09:00:00;356.08110000000005
2019-12-30 15:00:00;532.7758166666667
2019-12-30 21:00:00;557.72735
2019-12-31 03:00:00;537.7792999999999
2019-12-31 09:00:00;496.75154999999995
2019-12-31 15:00:00;640.0383166666667
2019-12-31 21:00:00;650.1098499999999
2020-01-01 03:00:00;700.3026500000001
2020-01-01 09:00:00;669.8366833333333
2020-01-01 15:00:00;674.94195
2020-01-01 21:00:00;663.7865333333333
2020-01-02 03:00:00;574.44735
2020-01-02 09:00:00;296.00875
2020-01-02 15:00:00;480.8109833333333
2020-01-02 21:00:00;622.9419666666666
2020-01-03 03:00:00;578.6312666666668
2020-01-03 09:00:00;302.48263333333335
2020-01-03 15:00:00;503.36026666666663
2020-01-03 21:00:00;613.2422333333334
2020-01-04 03:00:00;696.6815333333333
2020-01-04 09:00:00;647.4713833333334
2020-01-04 15:00:00;643.5527666666666
2020-01-04 21:00:00;671.0126333333334
2020-01-05 03:00:00;691.8884666666667
2020-01-05 09:00:00;654.0836333333333
2020-01-05 15:00:00;645.8337499999999
2020-01-05 21:00:00;631.24105
2020-01-06 03:00:00;566.8409833333334
2020-01-06 09:00:00;250.51071666666667
2020-01-06 15:00:00;464.88151666666664
2020-01-06 21:00:00;584.9348833333333
2020-01-07 03:00:00;493.6116333333334
2020-01-07 09:00:00;201.67013333333333
2020-01-07 15:00:00;439.69416666666666
2020-01-07 21:00:00;621.0384666666667
2020-01-08 03:00:00;549.6295833333334
2020-01-08 09:00:00;476.18761666666677
2020-01-08 15:00:00;795.54265
2020-01-08 21:00:00;750.4334833333332
2020-01-09 03:00:00;785.9298666666667
2020-01-09 09:00:00;588.1545833333333
2020-01-09 15:00:00;762.4479166666666
2020-01-09 21:00:00;844.05555
2020-01-10 03:00:00;820.875
2020-01-10 09:00:00;602.0646
2020-01-10 15:00:00;762.23765
2020-01-10 21:00:00;849.9206666666668
2020-01-11 03:00:00;845.0734833333332
2020-01-11 09:00:00;903.8937499999998
2020-01-11 15:00:00;925.80335
2020-01-11 21:00:00;857.5636166666668
2020-01-12 03:00:00;928.0727833333334
2020-01-12 09:00:00;841.7517666666668
2020-01-12 15:00:00;859.19875
2020-01-12 21:00:00;890.1566666666668
2020-01-13 03:00:00;851.3130500000001
2020-01-13 09:00:00;663.8467999999999
2020-01-13 15:00:00;731.2904166666667
2020-01-13 21:00:00;853.52945
2020-01-14 03:00:00;782.6410999999999
2020-01-14 09:00:00;567.2564
2020-01-14 15:00:00;723.4032000000001
2020-01-14 21:00:00;810.2016666666667
2020-01-15 03:00:00;772.0483333333333
2020-01-15 09:00:00;570.1733333333333
2020-01-15 15:00:00;745.0625
2020-01-15 21:00:00;827.3151333333334
2020-01-16 03:00:00;778.6325000000002
2020-01-16 09:00:00;625.25015
2020-01-16 15:00:00;754.9858333333333
2020-01-16 21:00:00;795.5112333333333
2020-01-17 03:00:00;782.1954333333333
2020-01-17 09:00:00;641.7590333333334
2020-01-17 15:00:00;787.4745833333333
2020-01-17 21:00:00;827.6601333333333
2020-01-18 03:00:00;814.2943
2020-01-18 09:00:00;850.1898500000001
2020-01-18 15:00:00;940.4904166666666
2020-01-18 21:00:00;932.02735
2020-01-19 03:00:00;911.5254166666665
2020-01-19 09:00:00;918.8079333333334
2020-01-19 15:00:00;919.38555
2020-01-19 21:00:00;847.69
2020-01-20 03:00:00;786.0259666666666
2020-01-20 09:00:00;586.1078
2020-01-20 15:00:00;779.67195
2020-01-20 21:00:00;897.1308333333333
2020-01-21 03:00:00;784.6129166666666
2020-01-21 09:00:00;573.4651499999999
2020-01-21 15:00:00;713.5101166666667
2020-01-21 21:00:00;873.2982000000001
2020-01-22 03:00:00;847.80085
2020-01-22 09:00:00;604.68195
2020-01-22 15:00:00;793.2541666666666
2020-01-22 21:00:00;871.3226333333333
2020-01-23 03:00:00;832.1922166666667
2020-01-23 09:00:00;569.8898833333333
2020-01-23 15:00:00;741.5785999999999
2020-01-23 21:00:00;894.9379
2020-01-24 03:00:00;839.0393
2020-01-24 09:00:00;631.8330500000001
2020-01-24 15:00:00;810.20765
2020-01-24 21:00:00;944.7966833333335
2020-01-25 03:00:00;914.3476333333333
2020-01-25 09:00:00;936.0829333333335
2020-01-25 15:00:00;926.7527833333334
2020-01-25 21:00:00;897.7483333333333
2020-01-26 03:00:00;925.4833333333335
2020-01-26 09:00:00;1021.7248666666666
2020-01-26 15:00:00;925.7278
2020-01-26 21:00:00;919.71485
2020-01-27 03:00:00;864.11945
2020-01-27 09:00:00;532.1218166666666
2020-01-27 15:00:00;747.2220666666666
2020-01-27 21:00:00;908.0982
2020-01-28 03:00:00;798.5348666666665
2020-01-28 09:00:00;677.6750000000001
2020-01-28 15:00:00;941.5619333333334
2020-01-28 21:00:00;1108.53125
2020-01-29 03:00:00;1103.7683333333334
2020-01-29 09:00:00;669.9569333333334
2020-01-29 15:00:00;889.8166666666666
2020-01-29 21:00:00;1195.1776166666666
2020-01-30 03:00:00;1059.8783333333333
2020-01-30 09:00:00;680.8980666666666
2020-01-30 15:00:00;828.84375
2020-01-30 21:00:00;977.4315166666667
2020-01-31 03:00:00;992.8926500000001
2020-01-31 09:00:00;582.1408333333333
2020-01-31 15:00:00;721.2352833333334
2020-01-31 21:00:00;969.3240499999998
2020-02-01 03:00:00;1009.5637333333334
2020-02-01 09:00:00;1119.1701333333333
2020-02-01 15:00:00;1051.4301333333333
2020-02-01 21:00:00;1076.2355833333334
2020-02-02 03:00:00;1104.93
2020-02-02 09:00:00;1156.43445
2020-02-02 15:00:00;1127.4811
2020-02-02 21:00:00;1163.9430666666667
2020-02-03 03:00:00;1067.7922166666667
2020-02-03 09:00:00;734.88375
2020-02-03 15:00:00;844.4959666666667
2020-02-03 21:00:00;1056.3240166666667
2020-02-04 03:00:00;964.7156999999999
2020-02-04 09:00:00;720.4060666666668
2020-02-04 15:00:00;876.4956833333332
2020-02-04 21:00:00;981.1405666666668
2020-02-05 03:00:00;893.8066833333334
2020-02-05 09:00:00;683.11015
2020-02-05 15:00:00;800.7072166666667
2020-02-05 21:00:00;884.9164000000001
2020-02-06 03:00:00;863.6157166666667
2020-02-06 09:00:00;632.9789
2020-02-06 15:00:00;838.7521666666667
2020-02-06 21:00:00;1018.7968000000001
2020-02-07 03:00:00;943.2584666666667
2020-02-07 09:00:00;685.9986166666667
2020-02-07 15:00:00;942.1616666666665
2020-02-07 21:00:00;1179.1962500000002
2020-02-08 03:00:00;1075.1852666666668
2020-02-08 09:00:00;1166.6988666666668
2020-02-08 15:00:00;1161.7391833333334
2020-02-08 21:00:00;1099.96195
2020-02-09 03:00:00;1094.2929333333332
2020-02-09 09:00:00;1102.6729166666667
2020-02-09 15:00:00;1082.8388833333333
2020-02-09 21:00:00;1097.4079333333336
2020-02-10 03:00:00;1067.5562666666665
2020-02-10 09:00:00;598.0441666666667
2020-02-10 15:00:00;780.5122166666666
2020-02-10 21:00:00;936.8595833333334
2020-02-11 03:00:00;941.6097166666665
2020-02-11 09:00:00;707.4998666666667
2020-02-11 15:00:00;901.8314
2020-02-11 21:00:00;1083.6587333333332
2020-02-12 03:00:00;1014.9020833333334
2020-02-12 09:00:00;261.1453833333333
2020-02-12 15:00:00;278.36038333333335
2020-02-12 21:00:00;527.4625
2020-02-13 03:00:00;443.88571666666667
2020-02-13 09:00:00;469.06181666666663
2020-02-13 15:00:00;819.9640333333333
2020-02-13 21:00:00;925.2069333333333
2020-02-14 03:00:00;820.45835
2020-02-14 09:00:00;653.1872166666667
2020-02-14 15:00:00;850.8135833333334
2020-02-14 21:00:00;989.1691999999999
2020-02-15 03:00:00;1074.99975
2020-02-15 09:00:00;1030.13235
2020-02-15 15:00:00;1014.3602666666666
2020-02-15 21:00:00;1074.3073666666667
2020-02-16 03:00:00;1026.2834500000001
2020-02-16 09:00:00;1055.2840333333336
2020-02-16 15:00:00;1058.9465
2020-02-16 21:00:00;1065.8939500000001
2020-02-17 03:00:00;904.82125
2020-02-17 09:00:00;587.4859666666666
2020-02-17 15:00:00;836.5169500000001
2020-02-17 21:00:00;549.3340833333334
2020-02-18 03:00:00;518.8054166666667
2020-02-18 09:00:00;1831.7241833333335
2020-02-18 15:00:00;1984.1663833333332
2020-02-18 21:00:00;2344.285983333333
2020-02-19 03:00:00;2616.5049999999997
2020-02-19 09:00:00;1666.3433333333332
2020-02-19 15:00:00;2088.2185999999997
2020-02-19 21:00:00;2380.0226333333335
2020-02-20 03:00:00;1279.5893
2020-02-20 09:00:00;970.7881833333334
2020-02-20 15:00:00;872.8180666666666
2020-02-20 21:00:00;866.0370666666668
2020-02-21 03:00:00;819.3782
2020-02-21 09:00:00;973.8683333333335
2020-02-21 15:00:00;999.5907499999998
2020-02-21 21:00:00;949.0733166666668
2020-02-22 03:00:00;812.0466833333334
2020-02-22 09:00:00;890.0715166666665
2020-02-22 15:00:00;996.1859666666666
2020-02-22 21:00:00;1010.0641666666667
2020-02-23 03:00:00;915.8259666666668
2020-02-23 09:00:00;855.0575166666666
2020-02-23 15:00:00;914.6664000000001
2020-02-23 21:00:00;976.0441666666666
2020-02-24 03:00:00;846.0725000000001
2020-02-24 09:00:00;866.5585000000001
2020-02-24 15:00:00;899.1685666666666
2020-02-24 21:00:00;855.19735
2020-02-25 03:00:00;870.8251333333334
2020-02-25 09:00:00;848.4111166666667
2020-02-25 15:00:00;864.8611000000001
2020-02-25 21:00:00;898.6666666666666
2020-02-26 03:00:00;852.3694500000001
2020-02-26 09:00:00;994.1730666666666
2020-02-26 15:00:00;925.9478666666668
2020-02-26 21:00:00;845.9480166666667
2020-02-27 03:00:00;866.0518666666667
2020-02-27 09:00:00;901.2600333333334
2020-02-27 15:00:00;883.2958333333332
2020-02-27 21:00:00;931.3318166666667
2020-02-28 03:00:00;1068.83125
2020-02-28 09:00:00;1632.98165
2020-02-28 15:00:00;2375.4616666666666
2020-02-28 21:00:00;2717.584166666667
2020-02-29 03:00:00;2523.745966666667
2020-02-29 09:00:00;2806.9961166666667
2020-02-29 15:00:00;2769.7618166666666
2020-02-29 21:00:00;2427.885
2020-03-01 03:00:00;2231.28095
2020-03-01 09:00:00;2682.9533166666665
2020-03-01 15:00:00;2635.5573666666664
2020-03-01 21:00:00;2479.3505499999997
2020-03-02 03:00:00;2621.8737666666666
2020-03-02 09:00:00;1334.2677833333335
2020-03-02 15:00:00;1198.6455666666668
2020-03-02 21:00:00;1104.0334833333334
2020-03-03 03:00:00;1133.9770833333332
2020-03-03 09:00:00;957.0958333333334
2020-03-03 15:00:00;903.6205333333334
2020-03-03 21:00:00;955.4043
2020-03-04 03:00:00;1022.2037666666665
2020-03-04 09:00:00;940.5004166666668
2020-03-04 15:00:00;974.0143166666667
2020-03-04 21:00:00;1008.9098666666667
2020-03-05 03:00:00;956.8273666666668
2020-03-05 09:00:00;1023.7140166666667
2020-03-05 15:00:00;1028.1254333333334
2020-03-05 21:00:00;1169.766933333333
2020-03-06 03:00:00;1201.7963833333333
2020-03-06 09:00:00;1047.0091666666665
2020-03-06 15:00:00;1050.47695
2020-03-06 21:00:00;1175.5170833333334
2020-03-07 03:00:00;1069.12585
2020-03-07 09:00:00;1180.05415
2020-03-07 15:00:00;1094.7591833333333
2020-03-07 21:00:00;1020.0445666666666
2020-03-08 03:00:00;986.0986166666667
2020-03-08 09:00:00;976.0851500000002
2020-03-08 15:00:00;909.6251333333331
2020-03-08 21:00:00;893.6711166666665
2020-03-09 03:00:00;936.4359666666666
2020-03-09 09:00:00;854.0170833333335
2020-03-09 15:00:00;1018.9237499999999
2020-03-09 21:00:00;956.35125
2020-03-10 03:00:00;942.9790166666667
2020-03-10 09:00:00;947.7566833333334
2020-03-10 15:00:00;868.3982000000001
2020-03-10 21:00:00;1061.5025333333335
2020-03-11 03:00:00;949.3137666666667
2020-03-11 09:00:00;1006.5279166666666
2020-03-11 15:00:00;956.3038833333334
2020-03-11 21:00:00;973.2859833333332
2020-03-12 03:00:00;1039.1463999999999
2020-03-12 09:00:00;958.2959666666667
2020-03-12 15:00:00;1012.6861333333333
2020-03-12 21:00:00;1082.9599833333334
2020-03-13 03:00:00;1072.6505333333334
2020-03-13 09:00:00;1034.6511166666667
2020-03-13 15:00:00;910.1048666666666
2020-03-13 21:00:00;938.0116666666667
2020-03-14 03:00:00;898.5366666666665
2020-03-14 09:00:00;943.7239
2020-03-14 15:00:00;998.1204166666666
2020-03-14 21:00:00;909.9708166666668
2020-03-15 03:00:00;922.8979166666668
2020-03-15 09:00:00;1034.7115166666667
2020-03-15 15:00:00;962.9584666666668
2020-03-15 21:00:00;954.9757
2020-03-16 03:00:00;1004.0814
2020-03-16 09:00:00;852.7187333333335
2020-03-16 15:00:00;841.32195
2020-03-16 21:00:00;823.9874833333333
2020-03-17 03:00:00;888.7315333333335
2020-03-17 09:00:00;899.2737666666668
2020-03-17 15:00:00;817.4193166666668
2020-03-17 21:00:00;769.3693166666666
2020-03-18 03:00:00;779.4593
2020-03-18 09:00:00;886.7199999999999
2020-03-18 15:00:00;883.9608499999999
2020-03-18 21:00:00;902.2373666666666
2020-03-19 03:00:00;936.1678
2020-03-19 09:00:00;1032.9719499999999
2020-03-19 15:00:00;1015.6983333333334
2020-03-19 21:00:00;1025.9804166666665
2020-03-20 03:00:00;1060.03765
2020-03-20 09:00:00;1066.1005499999999
2020-03-20 15:00:00;1074.7659666666666
2020-03-20 21:00:00;1170.4054166666667
2020-03-21 03:00:00;917.4838999999998
2020-03-21 09:00:00;1163.9965166666666
2020-03-21 15:00:00;1074.9299833333334
2020-03-21 21:00:00;1195.43945
2020-03-22 03:00:00;1058.3867833333334
2020-03-22 09:00:00;1144.4038833333334
2020-03-22 15:00:00;1223.7394499999998
2020-03-22 21:00:00;1018.9125
2020-03-23 03:00:00;964.9446000000002
2020-03-23 09:00:00;1024.2825
2020-03-23 15:00:00;1146.2590333333335
2020-03-23 21:00:00;1059.3504166666664
2020-03-24 03:00:00;919.0126166666668
2020-03-24 09:00:00;1157.2319333333332
2020-03-24 15:00:00;1414.020416666667
2020-03-24 21:00:00;1333.3077666666668
2020-03-25 03:00:00;1304.9426333333333
2020-03-25 09:00:00;1296.9215
2020-03-25 15:00:00;720.2848
2020-03-25 21:00:00;578.8083333333333
2020-03-26 03:00:00;442.22085
2020-03-26 09:00:00;574.9432
2020-03-26 15:00:00;1217.36665
2020-03-26 21:00:00;1271.4913833333333
2020-03-27 03:00:00;1108.2134666666668
2020-03-27 09:00:00;1189.5365333333332
2020-03-27 15:00:00;1356.9280666666666
2020-03-27 21:00:00;1402.8613833333336
2020-03-28 03:00:00;1172.9545833333334
2020-03-28 09:00:00;1229.8532
2020-03-28 15:00:00;1315.8384666666668
2020-03-28 21:00:00;1256.8372333333334
2020-03-29 03:00:00;1248.02165
2020-03-29 09:00:00;1295.8170833333334
2020-03-29 15:00:00;1452.4447166666666
2020-03-29 21:00:00;1466.7413833333333
2020-03-30 03:00:00;1226.61655
2020-03-30 09:00:00;1202.5158666666666
2020-03-30 15:00:00;1290.5690333333334
2020-03-30 21:00:00;1138.4326333333336
2020-03-31 03:00:00;1099.8786166666666
2020-03-31 09:00:00;1156.5598666666667
2020-03-31 15:00:00;1304.9730666666667
2020-03-31 21:00:00;1225.4091666666668
2020-04-01 03:00:00;1150.6622333333332
2020-04-01 09:00:00;1177.6930666666665
2020-04-01 15:00:00;1259.3391666666666
2020-04-01 21:00:00;1405.8666666666666
2020-04-02 03:00:00;1349.2612499999998
2020-04-02 09:00:00;1402.7473666666665
2020-04-02 15:00:00;1371.9946
2020-04-02 21:00:00;1495.6266666666663
2020-04-03 03:00:00;1480.8211166666667
2020-04-03 09:00:00;1413.7004166666666
2020-04-03 15:00:00;1396.5902666666668
2020-04-03 21:00:00;1421.1047166666667
2020-04-04 03:00:00;1468.4251499999998
2020-04-04 09:00:00;1457.3733166666664
2020-04-04 15:00:00;1465.947766666667
2020-04-04 21:00:00;1451.2297333333333
2020-04-05 03:00:00;1401.1097166666666
2020-04-05 09:00:00;1191.12515
2020-04-05 15:00:00;1239.2122333333334
2020-04-05 21:00:00;1060.8688833333333
2020-04-06 03:00:00;1113.3985999999998
2020-04-06 09:00:00;1148.6836
2020-04-06 15:00:00;1183.8179166666666
2020-04-06 21:00:00;1208.43695
2020-04-07 03:00:00;1105.76085
2020-04-07 09:00:00;1178.53875
2020-04-07 15:00:00;1270.7813999999998
2020-04-07 21:00:00;1210.8648666666666
2020-04-08 03:00:00;1137.1570666666669
2020-04-08 09:00:00;1146.3644666666667
2020-04-08 15:00:00;1235.6790166666667
2020-04-08 21:00:00;1211.7547333333332
2020-04-09 03:00:00;1172.4783166666666
2020-04-09 09:00:00;1220.7025166666665
2020-04-09 15:00:00;1642.3668
2020-04-09 21:00:00;1101.3649999999998
2020-04-10 03:00:00;1092.7404333333334
2020-04-10 09:00:00;1188.5796
2020-04-10 15:00:00;1123.8372
2020-04-10 21:00:00;1163.1738833333332
2020-04-11 03:00:00;1093.41085
2020-04-11 09:00:00;1200.6330500000001
2020-04-11 15:00:00;1267.6935
2020-04-11 21:00:00;1274.4656833333336
2020-04-12 03:00:00;1099.91375
2020-04-12 09:00:00;1216.0322166666665
2020-04-12 15:00:00;1327.27985
2020-04-12 21:00:00;1156.15805
2020-04-13 03:00:00;1128.4362333333333
2020-04-13 09:00:00;1086.1779166666665
2020-04-13 15:00:00;1291.0817833333333
2020-04-13 21:00:00;1199.6213833333331
2020-04-14 03:00:00;1225.8777833333334
2020-04-14 09:00:00;1461.5451333333333
2020-04-14 15:00:00;1223.0432
2020-04-14 21:00:00;1301.8495833333334
2020-04-15 03:00:00;1265.2829166666666
2020-04-15 09:00:00;1349.1569499999998
2020-04-15 15:00:00;1359.1404166666669
2020-04-15 21:00:00;1177.07485
2020-04-16 03:00:00;1046.1692833333334
2020-04-16 09:00:00;1302.3398666666667
2020-04-16 15:00:00;1403.1584833333336
2020-04-16 21:00:00;1453.4578833333333
2020-04-17 03:00:00;1471.8501166666665
2020-04-17 09:00:00;1358.6018000000001
2020-04-17 15:00:00;1296.2161166666667
2020-04-17 21:00:00;1207.785
2020-04-18 03:00:00;1347.9818000000002
2020-04-18 09:00:00;1341.04915
2020-04-18 15:00:00;1287.8077833333334
2020-04-18 21:00:00;1335.7412333333334
2020-04-19 03:00:00;1316.5541666666666
2020-04-19 09:00:00;1190.39445
2020-04-19 15:00:00;1200.38235
2020-04-19 21:00:00;1220.5081833333334
2020-04-20 03:00:00;1181.7723333333333
2020-04-20 09:00:00;1185.6483333333335
2020-04-20 15:00:00;1166.3111166666665
2020-04-20 21:00:00;1175.2493000000002
2020-04-21 03:00:00;1151.2877666666666
2020-04-21 09:00:00;1233.01805
2020-04-21 15:00:00;1221.5161166666664
2020-04-21 21:00:00;1077.2291666666667
2020-04-22 03:00:00;1181.3706833333333
2020-04-22 09:00:00;1734.7061166666665
2020-04-22 15:00:00;1955.5914000000002
2020-04-22 21:00:00;2063.5886333333333
2020-04-23 03:00:00;2007.2380666666668
2020-04-23 09:00:00;2288.3508333333334
2020-04-23 15:00:00;2115.839033333333
2020-04-23 21:00:00;1281.6791666666666
2020-04-24 03:00:00;1126.1294166666667
2020-04-24 09:00:00;1063.0926666666667
2020-04-24 15:00:00;1212.072366666667
2020-04-24 21:00:00;1232.73585
2020-04-25 03:00:00;1182.0272
2020-04-25 09:00:00;1269.1966666666667
2020-04-25 15:00:00;1142.5108333333333
2020-04-25 21:00:00;1296.0308333333332
2020-04-26 03:00:00;1165.7968
2020-04-26 09:00:00;1189.9577833333333
2020-04-26 15:00:00;1295.0923666666665
2020-04-26 21:00:00;1177.3508166666668
2020-04-27 03:00:00;1166.7542999999998
2020-04-27 09:00:00;1117.2384833333333
2020-04-27 15:00:00;1252.9616666666666
2020-04-27 21:00:00;1233.1748499999999
2020-04-28 03:00:00;1180.99805
2020-04-28 09:00:00;1161.5088666666668
2020-04-28 15:00:00;1214.4657
2020-04-28 21:00:00;1085.1501333333333
2020-04-29 03:00:00;1210.5518
2020-04-29 09:00:00;1177.84575
2020-04-29 15:00:00;1257.2109666666665
2020-04-29 21:00:00;1228.6286333333335
2020-04-30 03:00:00;1194.3133333333333
2020-04-30 09:00:00;1401.0461166666664
2020-04-30 15:00:00;2427.1266666666666
2020-04-30 21:00:00;1829.6286166666666
2020-05-01 03:00:00;2170.96805
2020-05-01 09:00:00;2104.42625
2020-05-01 15:00:00;2116.2875
2020-05-01 21:00:00;1903.9466666666667
2020-05-02 03:00:00;2224.0075166666666
2020-05-02 09:00:00;1860.2104166666666
2020-05-02 15:00:00;1900.8548833333332
2020-05-02 21:00:00;1823.3763833333335
2020-05-03 03:00:00;2067.65845
2020-05-03 09:00:00;2001.1477833333336
2020-05-03 15:00:00;2098.6754
2020-05-03 21:00:00;2310.614183333333
2020-05-04 03:00:00;2272.0800000000004
2020-05-04 09:00:00;1902.1872333333333
2020-05-04 15:00:00;2098.8338833333337
2020-05-04 21:00:00;1983.2270833333332
2020-05-05 03:00:00;2116.0313666666666
2020-05-05 09:00:00;855.3726833333334
2020-05-05 15:00:00;1139.7952666666667
2020-05-05 21:00:00;1207.64805
2020-05-06 03:00:00;1156.3065166666665
2020-05-06 09:00:00;1033.8868
2020-05-06 15:00:00;1573.93055
2020-05-06 21:00:00;1153.875
2020-05-07 03:00:00;1039.5825
2020-05-07 09:00:00;1003.8864500000001
2020-05-07 15:00:00;952.1962333333332
2020-05-07 21:00:00;1058.6502833333334
2020-05-08 03:00:00;1106.4727833333332
2020-05-08 09:00:00;1117.8198499999999
2020-05-08 15:00:00;1196.8193166666667
2020-05-08 21:00:00;1180.2566666666667
2020-05-09 03:00:00;1119.4314000000002
2020-05-09 09:00:00;1240.8690166666668
2020-05-09 15:00:00;1238.1370666666664
2020-05-09 21:00:00;1230.04375
2020-05-10 03:00:00;1193.1494666666665
2020-05-10 09:00:00;1181.0390333333332
2020-05-10 15:00:00;1261.7789
2020-05-10 21:00:00;1193.8422333333335
2020-05-11 03:00:00;1156.2666666666667
2020-05-11 09:00:00;791.4439666666666
2020-05-11 15:00:00;185.56223333333335
2020-05-11 21:00:00;201.02193333333332
2020-05-12 03:00:00;230.3175
2020-05-12 09:00:00;190.81093333333334
2020-05-12 15:00:00;180.6691833333333
2020-05-12 21:00:00;191.81956666666665
2020-05-13 03:00:00;209.43166666666664
2020-05-13 09:00:00;380.7338833333333
2020-05-13 15:00:00;893.8195666666667
2020-05-13 21:00:00;967.0829166666666
2020-05-14 03:00:00;1154.9244333333334
2020-05-14 09:00:00;1169.1651499999998
2020-05-14 15:00:00;1422.2227833333334
2020-05-14 21:00:00;1636.5723666666665
2020-05-15 03:00:00;1689.9243166666665
2020-05-15 09:00:00;1251.5466833333332
2020-05-15 15:00:00;902.7151166666667
2020-05-15 21:00:00;809.5248666666666
2020-05-16 03:00:00;884.1118000000001
2020-05-16 09:00:00;786.7761166666666
2020-05-16 15:00:00;795.2873833333332
2020-05-16 21:00:00;832.0819499999998
2020-05-17 03:00:00;916.3401333333333
2020-05-17 09:00:00;783.37525
2020-05-17 15:00:00;779.2722333333332
2020-05-17 21:00:00;850.0644499999999
2020-05-18 03:00:00;832.7194666666666
2020-05-18 09:00:00;892.9504333333333
2020-05-18 15:00:00;1063.8672333333332
2020-05-18 21:00:00;1028.2
2020-05-19 03:00:00;1177.01515
2020-05-19 09:00:00;1088.5751333333335
2020-05-19 15:00:00;1310.3491666666666
2020-05-19 21:00:00;1503.7242999999999
2020-05-20 03:00:00;1852.8602666666666
2020-05-20 09:00:00;1345.93375
2020-05-20 15:00:00;1349.2748666666669
2020-05-20 21:00:00;1344.7719666666667
2020-05-21 03:00:00;1818.7991666666667
2020-05-21 09:00:00;1870.6507000000001
2020-05-21 15:00:00;1520.4616833333332
2020-05-21 21:00:00;1823.5702833333332
2020-05-22 03:00:00;1238.9284833333334
2020-05-22 09:00:00;1181.8863666666666
2020-05-22 15:00:00;1156.5220833333333
2020-05-22 21:00:00;1221.39485
2020-05-23 03:00:00;1269.3423666666667
2020-05-23 09:00:00;1167.5449999999998
2020-05-23 15:00:00;1125.0582
2020-05-23 21:00:00;1155.2697333333333
2020-05-24 03:00:00;1260.1322166666666
2020-05-24 09:00:00;1189.73485
2020-05-24 15:00:00;1164.7426333333333
2020-05-24 21:00:00;1174.2805333333333
2020-05-25 03:00:00;1103.6502833333332
2020-05-25 09:00:00;1182.0021
2020-05-25 15:00:00;1297.4826333333335
2020-05-25 21:00:00;1470.1079166666668
2020-05-26 03:00:00;1415.9166666666667
2020-05-26 09:00:00;1318.6108333333334
2020-05-26 15:00:00;1326.4438833333334
2020-05-26 21:00:00;1356.8136166666668
2020-05-27 03:00:00;1455.23445
2020-05-27 09:00:00;1396.0932
2020-05-27 15:00:00;1341.8546
2020-05-27 21:00:00;1460.97085
2020-05-28 03:00:00;1373.0790166666666
2020-05-28 09:00:00;1172.3113999999998
2020-05-28 15:00:00;1153.9525
2020-05-28 21:00:00;1252.7375166666668
2020-05-29 03:00:00;1143.8532166666666
2020-05-29 09:00:00;1638.9161166666665
2020-05-29 15:00:00;2228.55125
2020-05-29 21:00:00;2779.684566666667
2020-05-30 03:00:00;1694.1975
2020-05-30 09:00:00;1280.0324833333334
2020-05-30 15:00:00;1099.0641666666668
2020-05-30 21:00:00;1128.2648666666666
2020-05-31 03:00:00;1234.9525
2020-05-31 09:00:00;1162.9441499999998
2020-05-31 15:00:00;1117.4302666666667
2020-05-31 21:00:00;1155.8965166666667
2020-06-01 03:00:00;1274.4057
2020-06-01 09:00:00;1784.1479166666668
2020-06-01 15:00:00;1431.3055333333334
2020-06-01 21:00:00;1206.7390333333333
2020-06-02 03:00:00;1433.8401333333334
2020-06-02 09:00:00;1398.4658166666668
2020-06-02 15:00:00;1495.09375
2020-06-02 21:00:00;1773.65805
2020-06-03 03:00:00;1693.86165
2020-06-03 09:00:00;1595.692266666667
2020-06-03 15:00:00;1564.2776333333334
2020-06-03 21:00:00;1572.4448666666667
2020-06-04 03:00:00;1525.2663833333336
2020-06-04 09:00:00;1370.9193166666666
2020-06-04 15:00:00;1617.0625
2020-06-04 21:00:00;1483.9758333333332
2020-06-05 03:00:00;1397.7987500000002
2020-06-05 09:00:00;1353.7167833333333
2020-06-05 15:00:00;2625.8039000000003
2020-06-05 21:00:00;2570.0721
2020-06-06 03:00:00;2890.1722166666664
2020-06-06 09:00:00;2739.5164000000004
2020-06-06 15:00:00;2584.75805
2020-06-06 21:00:00;2646.1234833333338
2020-06-07 03:00:00;1890.927216666667
2020-06-07 09:00:00;2843.7354166666664
2020-06-07 15:00:00;2337.9227666666666
2020-06-07 21:00:00;2690.413466666667
2020-06-08 03:00:00;2008.2897833333334
2020-06-08 09:00:00;1738.5291666666665
2020-06-08 15:00:00;1407.14625
2020-06-08 21:00:00;1513.6919500000001
2020-06-09 03:00:00;1230.0093
2020-06-09 09:00:00;1280.8687499999999
2020-06-09 15:00:00;1373.4858333333332
2020-06-09 21:00:00;1411.5827833333333
2020-06-10 03:00:00;1338.5858166666667
2020-06-10 09:00:00;1820.369316666667
2020-06-10 15:00:00;2731.12485
2020-06-10 21:00:00;2013.3168166666667
2020-06-11 03:00:00;2590.9598666666666
2020-06-11 09:00:00;2530.2989
2020-06-11 15:00:00;2168.5706833333334
2020-06-11 21:00:00;2633.896816666667
2020-06-12 03:00:00;2738.9635
2020-06-12 09:00:00;2529.6938833333334
2020-06-12 15:00:00;2831.4597166666667
2020-06-12 21:00:00;2531.3990166666667
2020-06-13 03:00:00;2771.3788999999997
2020-06-13 09:00:00;2825.5770500000003
2020-06-13 15:00:00;2992.6354166666665
2020-06-13 21:00:00;2407.9426333333336
2020-06-14 03:00:00;2851.48055
2020-06-14 09:00:00;2478.0522
2020-06-14 15:00:00;2874.5658500000004
2020-06-14 21:00:00;2874.0708166666664
2020-06-15 03:00:00;2771.4812500000003
2020-06-15 09:00:00;2058.422233333333
2020-06-15 15:00:00;1675.000416666667
2020-06-15 21:00:00;2058.64695
2020-06-16 03:00:00;2504.7147750000004
2020-06-16 15:00:00;1112.288825
2020-06-16 21:00:00;1386.2309666666667
2020-06-17 03:00:00;1362.7793166666665
2020-06-17 09:00:00;1199.1509666666668
2020-06-17 15:00:00;1772.4983333333337
2020-06-17 21:00:00;1806.1097166666666
2020-06-18 03:00:00;1859.9215166666665
2020-06-18 09:00:00;1791.5371000000002
2020-06-18 15:00:00;1472.1274999999998
2020-06-18 21:00:00;1079.0866666666668
2020-06-19 03:00:00;1072.4502666666667
2020-06-19 09:00:00;1148.5796
2020-06-19 15:00:00;1520.6176333333333
2020-06-19 21:00:00;1572.0652666666667
2020-06-20 03:00:00;1564.9052833333333
2020-06-20 09:00:00;1630.5326333333333
2020-06-20 15:00:00;1602.7357
2020-06-20 21:00:00;1537.7865333333336
2020-06-21 03:00:00;1521.1274999999998
2020-06-21 09:00:00;1624.5340333333334
2020-06-21 15:00:00;1651.7713999999999
2020-06-21 21:00:00;1637.3372166666668
2020-06-22 03:00:00;1552.8682000000001
2020-06-22 09:00:00;1379.0283333333334
2020-06-22 15:00:00;1384.8765166666665
2020-06-22 21:00:00;1424.7207
2020-06-23 03:00:00;1397.5894666666666
2020-06-23 09:00:00;1328.5057000000002
2020-06-23 15:00:00;2542.5435999999995
2020-06-23 21:00:00;2178.8130499999997
2020-06-24 03:00:00;2255.3384
2020-06-24 09:00:00;1656.5199833333334
2020-06-24 15:00:00;1550.6255666666666
2020-06-24 21:00:00;1611.8809833333332
2020-06-25 03:00:00;1613.9485999999997
2020-06-25 09:00:00;1114.02415
2020-06-25 15:00:00;1042.3692833333332
2020-06-25 21:00:00;1032.4140333333332
2020-06-26 03:00:00;969.1244500000001
2020-06-26 09:00:00;938.7152833333333
2020-06-26 15:00:00;931.4770833333333
2020-06-26 21:00:00;952.3598666666667
2020-06-27 03:00:00;963.1282000000001
2020-06-27 09:00:00;972.6705333333333
2020-06-27 15:00:00;889.6362499999999
2020-06-27 21:00:00;854.1308333333333
2020-06-28 03:00:00;874.7080499999998
2020-06-28 09:00:00;921.9419499999999
2020-06-28 15:00:00;897.6366833333335
2020-06-28 21:00:00;808.6693166666668
2020-06-29 03:00:00;924.6699833333332
2020-06-29 09:00:00;918.3229166666666
2020-06-29 15:00:00;892.88375
2020-06-29 21:00:00;882.2132000000001
2020-06-30 03:00:00;1057.5423833333334
2020-06-30 09:00:00;829.9198666666666
2020-06-30 15:00:00;1099.6634666666666
2020-06-30 21:00:00;1233.92765
2020-07-01 03:00:00;1168.3861
2020-07-01 09:00:00;919.1769333333332
2020-07-01 15:00:00;940.6911333333333
2020-07-01 21:00:00;804.6884666666666
2020-07-02 03:00:00;871.2859666666667
2020-07-02 09:00:00;869.7048500000001
2020-07-02 15:00:00;888.3734833333334
2020-07-02 21:00:00;892.4988833333333
2020-07-03 03:00:00;916.0235833333332
2020-07-03 09:00:00;945.8480666666666
2020-07-03 15:00:00;1000.1762666666667
2020-07-03 21:00:00;904.5961333333333
2020-07-04 03:00:00;917.3555499999999
2020-07-04 09:00:00;849.4270833333334
2020-07-04 15:00:00;868.5104166666666
2020-07-04 21:00:00;947.74835
2020-07-05 03:00:00;946.6422166666667
2020-07-05 09:00:00;920.80265
2020-07-05 15:00:00;823.2782000000001
2020-07-05 21:00:00;885.9107
2020-07-06 03:00:00;974.6804166666667
2020-07-06 09:00:00;1031.3281833333333
2020-07-06 15:00:00;1126.5272166666666
2020-07-06 21:00:00;1208.8455666666666
2020-07-07 03:00:00;1181.4619333333335
2020-07-07 09:00:00;1158.6280666666669
2020-07-07 15:00:00;1267.0186
2020-07-07 21:00:00;1126.7465333333332
2020-07-08 03:00:00;1204.3297333333333
2020-07-08 09:00:00;1123.3962666666666
2020-07-08 15:00:00;1707.7337499999996
2020-07-08 21:00:00;1940.30415
2020-07-09 03:00:00;1957.4583333333333
2020-07-09 09:00:00;1782.9693166666668
2020-07-09 15:00:00;1694.5276666666666
2020-07-09 21:00:00;2176.9495833333335
2020-07-10 03:00:00;2073.538216666667
2020-07-10 09:00:00;1834.08915
2020-07-10 15:00:00;1995.1718
2020-07-10 21:00:00;1915.7244499999997
2020-07-11 03:00:00;1916.5915166666666
2020-07-11 09:00:00;1862.708883333333
2020-07-11 15:00:00;1955.9190166666667
2020-07-11 21:00:00;1659.0973499999998
2020-07-12 03:00:00;2262.3866666666663
2020-07-12 09:00:00;2052.848066666667
2020-07-12 15:00:00;1712.0158333333336
2020-07-12 21:00:00;1905.9558333333334
2020-07-13 03:00:00;2186.4892833333333
2020-07-13 09:00:00;2163.3943
2020-07-13 15:00:00;2795.2683333333334
2020-07-13 21:00:00;2129.7032
2020-07-14 03:00:00;1451.0513833333334
2020-07-14 09:00:00;1425.1573833333332
2020-07-14 15:00:00;1229.78515
2020-07-14 21:00:00;1390.9979
2020-07-15 03:00:00;1445.7426333333333
2020-07-15 09:00:00;1345.0379333333333
2020-07-15 15:00:00;1438.3052833333334
2020-07-15 21:00:00;1459.7225166666665
2020-07-16 03:00:00;1251.86445
2020-07-16 09:00:00;1204.1382
2020-07-16 15:00:00;1114.0811166666667
2020-07-16 21:00:00;1331.5257
2020-07-17 03:00:00;1183.9545833333332
2020-07-17 09:00:00;1113.4772333333335
2020-07-17 15:00:00;1382.1016666666667
2020-07-17 21:00:00;1397.0220833333333
2020-07-18 03:00:00;1458.9263833333334
2020-07-18 09:00:00;1439.0766666666666
2020-07-18 15:00:00;1432.8771000000004
2020-07-18 21:00:00;1460.5476333333334
2020-07-19 03:00:00;1377.0914
2020-07-19 09:00:00;1201.8300000000002
2020-07-19 15:00:00;1489.6678
2020-07-19 21:00:00;1491.6401333333333
2020-07-20 03:00:00;1236.9514
2020-07-20 09:00:00;1044.95335
2020-07-20 15:00:00;1085.2230166666666
2020-07-20 21:00:00;1000.4631833333333
2020-07-21 03:00:00;1108.0858166666667
2020-07-21 09:00:00;1084.538733333333
2020-07-21 15:00:00;1691.64235
2020-07-21 21:00:00;1715.0168
2020-07-22 03:00:00;1629.5166666666667
2020-07-22 09:00:00;1894.069983333333
2020-07-22 15:00:00;2184.0131666666666
2020-07-22 21:00:00;1899.51565
2020-07-23 03:00:00;1769.6916833333335
2020-07-23 09:00:00;1878.2856999999997
2020-07-23 15:00:00;1217.7490666666667
2020-07-23 21:00:00;1776.4613666666667
2020-07-24 03:00:00;2032.07365
2020-07-24 09:00:00;1185.6376
2020-07-24 15:00:00;1956.3552833333333
2020-07-24 21:00:00;1104.5062833333334
2020-07-25 03:00:00;950.8016666666667
2020-07-25 09:00:00;909.7741666666667
2020-07-25 15:00:00;929.6979
2020-07-25 21:00:00;918.9161333333335
2020-07-26 03:00:00;1017.6013833333335
2020-07-26 09:00:00;908.1911833333334
2020-07-26 15:00:00;1035.0966833333334
2020-07-26 21:00:00;957.7198
2020-07-27 03:00:00;704.2696166666666
2020-07-27 09:00:00;798.7748333333334
2020-07-27 15:00:00;635.7453833333333
2020-07-27 21:00:00;562.1220833333333
2020-07-28 03:00:00;564.4069833333334
2020-07-28 09:00:00;624.4359499999999
2020-07-28 15:00:00;671.1365333333332
2020-07-28 21:00:00;623.5614666666667
2020-07-29 03:00:00;599.27625
2020-07-29 09:00:00;584.8465
2020-07-29 15:00:00;622.1863999999999
2020-07-29 21:00:00;611.9273666666667
2020-07-30 03:00:00;641.1556666666667
2020-07-30 09:00:00;681.4154333333333
2020-07-30 15:00:00;653.3899166666666
2020-07-30 21:00:00;641.76845
2020-07-31 03:00:00;649.1525333333334
2020-07-31 09:00:00;630.8970666666667
2020-07-31 15:00:00;619.6581166666666
2020-07-31 21:00:00;579.7523833333333
2020-08-01 03:00:00;565.9405833333334
2020-08-01 09:00:00;611.2190166666667
2020-08-01 15:00:00;653.3332166666668
2020-08-01 21:00:00;600.93945
2020-08-02 03:00:00;637.1489666666668
2020-08-02 09:00:00;632.0376666666667
2020-08-02 15:00:00;645.2903
2020-08-02 21:00:00;622.8285666666667
2020-08-03 03:00:00;637.7532666666667
2020-08-03 09:00:00;611.5165000000001
2020-08-03 15:00:00;666.7994166666666
2020-08-03 21:00:00;363.89941999999996
2020-08-04 03:00:00;272.52200000000005
2020-08-04 09:00:00;301.82
2020-08-04 15:00:00;365.76766
2020-08-04 21:00:00;589.95875
2020-08-05 03:00:00;366.37764000000004
2020-08-05 09:00:00;761.8039
2020-08-05 15:00:00;743.3329333333335
2020-08-05 21:00:00;646.7016499999999
2020-08-06 03:00:00;670.1783666666666
2020-08-06 09:00:00;654.4410666666666
2020-08-06 15:00:00;695.7900666666666
2020-08-06 21:00:00;567.8299000000001
2020-08-07 03:00:00;596.2179
2020-08-07 09:00:00;649.0188833333333
2020-08-07 15:00:00;638.6501
2020-08-07 21:00:00;586.4323999999999
2020-08-08 03:00:00;861.3106666666666
2020-08-08 09:00:00;1014.8000666666667
2020-08-08 15:00:00;1171.4855666666665
2020-08-08 21:00:00;1906.793466666667
2020-08-09 03:00:00;1149.5070833333334
2020-08-09 09:00:00;991.7938833333334
2020-08-09 15:00:00;965.6648333333333
2020-08-09 21:00:00;837.6518500000001
2020-08-10 03:00:00;995.8884333333334
2020-08-10 09:00:00;1862.9377166666666
2020-08-10 15:00:00;2058.9391
2020-08-10 21:00:00;2324.73115
2020-08-11 03:00:00;2336.08375
2020-08-11 09:00:00;2110.971016666667
2020-08-11 15:00:00;2485.008816666667
2020-08-11 21:00:00;2605.981266666667
2020-08-12 03:00:00;2554.925366666667
2020-08-12 09:00:00;2267.2536333333333
2020-08-12 15:00:00;2204.045616666667
2020-08-12 21:00:00;2516.610133333333
2020-08-13 03:00:00;2644.2237
2020-08-13 09:00:00;2338.7635333333333
2020-08-13 15:00:00;1667.1214333333335
2020-08-13 21:00:00;931.5656333333333
2020-08-14 03:00:00;901.5519166666667
2020-08-14 09:00:00;2548.4861
2020-08-14 15:00:00;2457.9069000000004
2020-08-14 21:00:00;2776.0111333333334
2020-08-15 03:00:00;2792.465833333333
2020-08-15 09:00:00;2868.3818333333334
2020-08-15 15:00:00;2580.9092333333333
2020-08-15 21:00:00;2783.314516666666
2020-08-16 03:00:00;2755.4334833333337
2020-08-16 09:00:00;2640.8991499999997
2020-08-16 15:00:00;2633.14335
2020-08-16 21:00:00;2830.5555833333333
2020-08-17 03:00:00;2649.059283333333
2020-08-17 09:00:00;2610.55185
2020-08-17 15:00:00;2777.0137833333333
2020-08-17 21:00:00;2676.163366666667
2020-08-18 03:00:00;2816.152733333334
2020-08-18 09:00:00;1311.8620666666668
2020-08-18 15:00:00;1221.0854833333333
2020-08-18 21:00:00;1180.2002333333332
2020-08-19 03:00:00;1073.6872666666666
2020-08-19 09:00:00;1251.47635
2020-08-19 15:00:00;1314.9445666666666
2020-08-19 21:00:00;1268.4149833333333
2020-08-20 03:00:00;1289.5662833333333
2020-08-20 09:00:00;1281.0287
2020-08-20 15:00:00;1327.9411166666666
2020-08-20 21:00:00;1263.4516666666666
2020-08-21 03:00:00;1326.63195
2020-08-21 09:00:00;1265.9557
2020-08-21 15:00:00;1205.637633333333
2020-08-21 21:00:00;1295.2630499999998
2020-08-22 03:00:00;1307.7675
2020-08-22 09:00:00;1319.5986166666669
2020-08-22 15:00:00;1331.4000166666667
2020-08-22 21:00:00;1345.5065333333332
2020-08-23 03:00:00;1363.7160999999999
2020-08-23 09:00:00;1337.11415
2020-08-23 15:00:00;1369.322916666667
2020-08-23 21:00:00;1353.74
2020-08-24 03:00:00;1330.0098500000001
2020-08-24 09:00:00;1287.7930500000002
2020-08-24 15:00:00;1281.0413999999998
2020-08-24 21:00:00;1273.4611166666666
2020-08-25 03:00:00;1279.6448666666665
2020-08-25 09:00:00;1109.5100166666668
2020-08-25 15:00:00;1216.7451333333333
2020-08-25 21:00:00;1276.7604
2020-08-26 03:00:00;1280.9587666666666
2020-08-26 09:00:00;1304.9947166666666
2020-08-26 15:00:00;1269.8354333333334
2020-08-26 21:00:00;1306.8273666666666
2020-08-27 03:00:00;1273.9383333333335
2020-08-27 09:00:00;1259.9216666666666
2020-08-27 15:00:00;1326.5143
2020-08-27 21:00:00;1349.6315333333334
2020-08-28 03:00:00;1352.3515166666666
2020-08-28 09:00:00;1330.4002833333336
2020-08-28 15:00:00;1154.3593166666667
2020-08-28 21:00:00;1179.6616666666669
2020-08-29 03:00:00;1157.14625
2020-08-29 09:00:00;1126.8797333333334
2020-08-29 15:00:00;1183.9591666666668
2020-08-29 21:00:00;1143.3240333333333
2020-08-30 03:00:00;1197.5188833333334
2020-08-30 09:00:00;1137.1157
2020-08-30 15:00:00;1166.04695
2020-08-30 21:00:00;1183.2388666666668
2020-08-31 03:00:00;1265.2230666666667
2020-08-31 09:00:00;1148.90735
2020-08-31 15:00:00;1147.6396000000002
2020-08-31 21:00:00;1170.0515166666667
2020-09-01 03:00:00;1217.5377666666666
2020-09-01 09:00:00;1181.43345
2020-09-01 15:00:00;1054.82735
2020-09-01 21:00:00;887.8847166666666
2020-09-02 03:00:00;889.4650166666667
2020-09-02 09:00:00;896.4605499999999
2020-09-02 15:00:00;1120.30485
2020-09-02 21:00:00;1126.5019499999999
2020-09-03 03:00:00;1139.9532166666668
2020-09-03 09:00:00;1102.7393
2020-09-03 15:00:00;996.2227833333333
2020-09-03 21:00:00;897.7222333333333
2020-09-04 03:00:00;901.1898500000001
2020-09-04 09:00:00;921.0833499999999
2020-09-04 15:00:00;937.2105500000001
2020-09-04 21:00:00;1009.3004333333333
2020-09-05 03:00:00;897.8245833333334
2020-09-05 09:00:00;914.5431833333333
2020-09-05 15:00:00;911.8944500000001
2020-09-05 21:00:00;895.6378000000001
2020-09-06 03:00:00;901.7097333333332
2020-09-06 09:00:00;892.8226166666667
2020-09-06 15:00:00;883.7145833333334
2020-09-06 21:00:00;916.7263999999999
2020-09-07 03:00:00;928.5783333333334
2020-09-07 09:00:00;947.3475000000002
2020-09-07 15:00:00;884.4249833333333
2020-09-07 21:00:00;918.2732
2020-09-08 03:00:00;910.7465333333333
2020-09-08 09:00:00;864.4261166666665
2020-09-08 15:00:00;889.3546
2020-09-08 21:00:00;897.2143000000001
2020-09-09 03:00:00;921.2595833333335
2020-09-09 09:00:00;909.3755333333334
2020-09-09 15:00:00;879.4519166666668
2020-09-09 21:00:00;892.0426333333334
2020-09-10 03:00:00;898.4602666666666
2020-09-10 09:00:00;892.1151333333333
2020-09-10 15:00:00;860.3899833333335
2020-09-10 21:00:00;882.1356833333333
2020-09-11 03:00:00;855.7800833333334
2020-09-11 09:00:00;871.5284666666666
2020-09-11 15:00:00;864.1306833333333
2020-09-11 21:00:00;840.6233333333333
2020-09-12 03:00:00;869.4154
2020-09-12 09:00:00;820.9016666666666
2020-09-12 15:00:00;895.9554333333334
2020-09-12 21:00:00;869.9115166666667
2020-09-13 03:00:00;874.8349833333333
2020-09-13 09:00:00;922.7370999999999
2020-09-13 15:00:00;827.8069499999998
2020-09-13 21:00:00;896.4274833333334
2020-09-14 03:00:00;919.9630666666667
2020-09-14 09:00:00;882.0870833333333
2020-09-14 15:00:00;853.73515
2020-09-14 21:00:00;1073.6140333333333
2020-09-15 03:00:00;1117.5476500000002
2020-09-15 09:00:00;1092.5094333333334
2020-09-15 15:00:00;1065.9870833333334
2020-09-15 21:00:00;1190.8954
2020-09-16 03:00:00;1122.8118166666666
2020-09-16 09:00:00;1067.0354166666668
2020-09-16 15:00:00;1099.8743000000002
2020-09-16 21:00:00;1137.60095
2020-09-17 03:00:00;1104.7870833333334
2020-09-17 09:00:00;1076.6655833333332
2020-09-17 15:00:00;1149.1671
2020-09-17 21:00:00;1071.5677833333334
2020-09-18 03:00:00;1138.35055
2020-09-18 09:00:00;1069.6802833333334
2020-09-18 15:00:00;1025.1915166666665
2020-09-18 21:00:00;972.7454166666666
2020-09-19 03:00:00;1034.4264
2020-09-19 09:00:00;1006.5979166666666
2020-09-19 15:00:00;1025.0133166666667
2020-09-19 21:00:00;1072.9251333333334
2020-09-20 03:00:00;1110.0604
2020-09-20 09:00:00;1058.80915
2020-09-20 15:00:00;1003.83
2020-09-20 21:00:00;1080.9844500000002
2020-09-21 03:00:00;1040.3173666666669
2020-09-21 09:00:00;1004.8065166666667
2020-09-21 15:00:00;808.4534
2020-09-21 21:00:00;853.5390333333334
2020-09-22 03:00:00;921.7722166666667
2020-09-22 09:00:00;944.82335
2020-09-22 15:00:00;950.8434833333332
2020-09-22 21:00:00;989.0081833333334
2020-09-23 03:00:00;969.8661166666666
2020-09-23 09:00:00;945.14
2020-09-23 15:00:00;881.9948666666666
2020-09-23 21:00:00;976.1188833333332
2020-09-24 03:00:00;931.1662500000002
2020-09-24 09:00:00;951.9454166666666
2020-09-24 15:00:00;1514.9292999999998
2020-09-24 21:00:00;1339.1348666666665
2020-09-25 03:00:00;1365.90985
2020-09-25 09:00:00;1192.0790166666668
2020-09-25 15:00:00;1426.99875
2020-09-25 21:00:00;1296.89805
2020-09-26 03:00:00;1204.7168
2020-09-26 09:00:00;1002.9507
2020-09-26 15:00:00;1418.7939
2020-09-26 21:00:00;1047.8601333333334
2020-09-27 03:00:00;1074.1126333333334
2020-09-27 09:00:00;865.2025
2020-09-27 15:00:00;1008.9708333333334
2020-09-27 21:00:00;1552.9596
2020-09-28 03:00:00;1269.8483333333334
2020-09-28 09:00:00;1101.31915
2020-09-28 15:00:00;1000.9488833333334
2020-09-28 21:00:00;866.01805
2020-09-29 03:00:00;1472.8575
2020-09-29 09:00:00;1214.5518
2020-09-29 15:00:00;1249.4627833333334
2020-09-29 21:00:00;1355.8470833333333
2020-09-30 03:00:00;1466.7159833333333
2020-09-30 09:00:00;1138.0041833333332
2020-09-30 15:00:00;1266.6754166666667
2020-09-30 21:00:00;1526.3826166666668
2020-10-01 03:00:00;1185.2881833333333
2020-10-01 09:00:00;1029.9874833333333
2020-10-01 15:00:00;1115.3979166666666
2020-10-01 21:00:00;1372.1806833333333
2020-10-02 03:00:00;1279.5859666666665
2020-10-02 09:00:00;1195.8253833333333
2020-10-02 15:00:00;1130.1268000000002
2020-10-02 21:00:00;1192.0433333333333
2020-10-03 03:00:00;1651.9536166666664
2020-10-03 09:00:00;1530.460283333333
2020-10-03 15:00:00;1437.17195
2020-10-03 21:00:00;1366.8705666666667
2020-10-04 03:00:00;959.45165
2020-10-04 09:00:00;1368.1270833333335
2020-10-04 15:00:00;1619.8323833333334
2020-10-04 21:00:00;1241.97875
2020-10-05 03:00:00;1427.0980500000003
2020-10-05 09:00:00;1352.2063400000002

